district,sex,education,n,pct,n_group,chi2_p_district (3 edu levels)
Mukono,Female,None,21,11.4,185,0.0082
Mukono,Female,Primary,124,67.0,185,0.0082
Mukono,Female,Secondary,38,20.5,185,0.0082
Mukono,Female,Vocational,1,0.5,185,0.0082
Mukono,Female,College/univ.,1,0.5,185,0.0082
Mukono,Male,None,3,2.7,111,0.0082
Mukono,Male,Primary,72,64.9,111,0.0082
Mukono,Male,Secondary,30,27.0,111,0.0082
Mukono,Male,Vocational,2,1.8,111,0.0082
Mukono,Male,College/univ.,4,3.6,111,0.0082
Nakaseke,Female,None,32,20.8,154,0.3353
Nakaseke,Female,Primary,61,39.6,154,0.3353
Nakaseke,Female,Secondary,51,33.1,154,0.3353
Nakaseke,Female,Vocational,8,5.2,154,0.3353
Nakaseke,Female,College/univ.,2,1.3,154,0.3353
Nakaseke,Male,None,29,20.0,145,0.3353
Nakaseke,Male,Primary,47,32.4,145,0.3353
Nakaseke,Male,Secondary,60,41.4,145,0.3353
Nakaseke,Male,Vocational,7,4.8,145,0.3353
Nakaseke,Male,College/univ.,2,1.4,145,0.3353
