raw,species,records
Albizia coriaria,Albizia coriaria,10
Anonna muricata,Annona muricata,5
Artocarpus heterophylus,Artocarpus heterophyllus,13
Azadichirata indica,Azadirachta indica,1
Baurhania parpurea,Bauhinia purpurea,1
Canarium schweinfurthii,Canarium schweinfurthii,5
Carica papaya,Carica papaya,2
Casuarina equisetifolia,Casuarina equisetifolia,1
Eucalyptus grandis,Eucalyptus grandis,1
Eucalyptus saligna,Eucalyptus saligna,1
Ficus benghalensis,Ficus benghalensis,1
Ficus brachypoda,Ficus brachypoda,2
Ficus natalensis,Ficus natalensis,11
Ficus thoningia,Ficus thonningii,1
Griveillea robusta,Grevillea robusta,1
Jatropha carcus,Jatropha curcas,3
Khaya anthotheca,Khaya anthotheca,1
Maesopsis emini,Maesopsis emini,6
Mangifera indica,Mangifera indica,13
Markhamia lutea,Markhamia lutea,9
Melicia excelsa,Milicia excelsa,9
Papaya carica,Carica papaya,2
Persea americana,Persea americana,11
Prunus africana,Prunus africana,3
Psdium guajava,Psidium guajava,8
Ricinus communis,Ricinus communis,1
Szygium cuminii,Syzygium cumini,1
Tabebua rosea,Tabebuia rosea,1
Terminalia catappa,Terminalia catappa,1
Terminalia superba,Terminalia superba,2
