section,n_core_items,core_items,Mukono_mean_pct_items_answered,Mukono_pct_hh_all_items,Nakaseke_mean_pct_items_answered,Nakaseke_pct_hh_all_items,All_mean_pct_items_answered,All_pct_hh_all_items
Location & GPS,5,District | Sub_County | Parish | village_any | GPS_Coordinates,99.9,99.7,99.8,99.3,99.9,99.5
Respondent profile,6,Age_of_Respondent_years | Gender_Sex | Marital_Status | Education_Level_of_respondent | Residential_status | Farming_experience_in_years,99.6,99.0,99.8,99.0,99.7,99.0
Household roster (1st member) & no. of children,5,Details_of_household_members_gender_1 | Details_of_household_members_age_1 | Details_of_household_members_househead_relationship_1 | Details_of_household_members_residential_status_1 | Ask_ the_ respondent_ to_ provide_ the_ number_ of_ Children_ in_ the_ Household.,99.6,99.0,91.7,84.3,95.6,91.6
Housing,9,Select_the_type_of_dwelling | Total_number_of_rooms | Number_of_Bedrooms | Total_Surface_area_Square_Feet | House_Walls | House_!Roof | House_Floor | Select_which_type_of_toile | When_was_the_house_built,99.0,94.6,99.5,96.0,99.3,95.3
"Water, energy & electricity",4,Sources_of_Drinking_water | Time_to_source_of_Water | energy_source | Do_you_have_access_to_electricity,99.5,99.0,98.1,92.7,98.8,95.8
Food sources (13 food groups),13,Source of_non_alcoholic_drinks | Source of_roots_and_tubers | Source_of_meat | Source_of_cooking_oil | Source_of_diary_Products | Source_of_prepared_cereals | Source_of_legumes | Source_of_eggs | Source_of_starchy_fruits | Source_of_vegetables | Source_of_fruits | Source_of__fish | Source_of_cereals,98.8,91.2,87.1,65.0,92.9,78.1
Health & schooling,6,"In_the_past_3_months,_did_you_or_any_household_member_obtain_health_care? | SECTION_A/_45_Do_you_have_health_insuran | SECTION_A/_49_Number_of_children_in_kind | SECTION_A/_51_Number_of_children_in_elem | SECTION_A/_53_Number_of_children_in_high | SECTION_A/_55_Number_of_children_in_univ",99.3,98.0,84.1,63.7,91.6,80.7
Phone & internet,2,_85_How_many_members_ss_to_a_mobile_phone | _2_Do_you_have_access_to_the_i,98.7,97.6,98.5,97.7,98.6,97.7
"Land, credit & services",8,Does_the_respondent_own_the_land? | What_is_the_total_land_he_she_owns | Size_used_for_Robusta_coffee | Do_you_have_access_to_credit_services | Are_you_currently_partici | group_vf5ln20/_161_Are_you_in_touc_al_extension_officer | group_vf5ln20/_84_Ask_the_respondent_for_the | _120_Have_you_removed_trees_in,99.6,99.3,97.7,85.3,98.7,92.3
"Coffee labour (planting, weeding, harvest)",6,group_np5zx78_planting_1/group_np5zx78_planting_1_standard_work_period | group_np5zx78_planting_1/group_np5zx78_planting_1_estimated_cost_of_management_activity | group_np5zx78_weeding_1/group_np5zx78_weeding_1_standard_work_period | group_np5zx78_weeding_1/group_np5zx78_weeding_1_estimated_cost_of_management_activity | group_np5zx78_harvesting_1/group_np5zx78_harvesting_1_standard_work_period | group_np5zx78_harvesting_1/group_np5zx78_harvesting_1_estimated_cost_of_management_activity,98.1,94.9,89.1,74.3,93.6,84.6
Coffee harvest & sales (latest record),5,group_wz3xj67/group_pw7lb76/0/group_wz3xj67/group_pw7lb76/Year_of_Harvest | group_wz3xj67/group_pw7lb76/0/group_wz3xj67/group_pw7lb76/Category_of_Coffee_Sold | group_wz3xj67/group_pw7lb76/0/group_wz3xj67/group_pw7lb76/Coffee_harvested_in_Kilograms | group_wz3xj67/group_pw7lb76/0/group_wz3xj67/group_pw7lb76/Farm_gate_price_UGX_per_Kg | group_wz3xj67/_168_How_did_you_sell_your_cof,99.3,98.3,98.0,91.7,98.7,95.0
Income sources list & Q162a coffee income (raw),2,group_wz3xj67/What_have_been_your_household_ | group_wz3xj67/_162_a_Income_from_le_of_Robusta_coffee,99.2,99.0,87.3,79.3,93.2,89.1
Trust & risk attitudes,9,group_wz3xj67/group_ri4un44/One_can_trust_other_people | group_wz3xj67/group_ri4un44/Other_people_have_go_ntentions_towards_me | group_wz3xj67/group_ri4un44/One_can_rely_on_othe_s_not_know_them_well | group_wz3xj67/group_ri4un44/Generally_speaking_you_more_risk_averse | group_wz3xj67/group_ri4un44/Risks_associated_wit_inancial_investments | group_wz3xj67/group_ri4un44/Risks_associated_with_Farming | group_wz3xj67/group_ri4un44/Risks_associated_wit_er_and_pesticide_use | group_wz3xj67/group_ri4un44/Risks_associated_wit_f_new_crop_varieties | group_wz3xj67/group_ri4un44/Generally_speaking_or_a_patient_person,99.3,96.3,80.3,79.7,89.7,87.9
Savings,1,group_to3ec88/Do_you_save_money_for_unexpect,99.0,99.0,71.3,71.3,85.1,85.1
