element lacking,n,Mukono,Nakaseke,All,income <25%,income 25-50%,income 50-100%,income >=100%,p (LI groups),p (district)
Housing judged below standard by enumerator,595,98.0,11.7,54.5,47.8,64.9,54.4,56.2,0.003,0.0
Semi-permanent / non-durable dwelling,595,30.5,5.7,18.0,17.3,21.8,10.3,15.6,0.223,0.0
Mud & wattle walls,595,5.1,5.3,5.2,4.2,7.7,3.5,3.1,0.284,1.0
Earth floor (no cement/stone),595,29.5,10.7,20.0,19.6,22.2,22.8,6.2,0.198,0.0
Open pit latrine without slab,590,3.8,13.4,8.6,11.4,5.7,6.9,3.1,0.093,0.0
"Unprotected drinking water (open well, river, other)",595,15.2,13.4,14.3,17.0,12.9,8.6,6.2,0.142,0.604
Water fetch > 30 minutes,583,5.1,11.4,8.2,9.6,5.7,12.1,3.2,0.212,0.009
Cooks with firewood,586,98.6,87.2,93.0,90.1,95.9,98.2,93.8,0.032,0.0
No grid electricity,586,80.4,75.5,78.0,77.5,77.5,83.9,75.0,0.709,0.184
No health insurance,594,99.0,100.0,99.5,99.7,100.0,98.2,96.9,0.062,0.245
No internet in household,587,80.8,68.5,74.6,77.1,73.4,78.9,50.0,0.008,0.001
No member with mobile phone,590,2.4,1.0,1.7,2.3,1.5,0.0,0.0,0.528,0.333
Fewer children reported in school than children (incl. under-5s),520,41.4,45.8,43.7,51.4,37.4,25.5,25.0,0.0,0.353
