food_group,item,unit,guessed_unit_share_%,Mukono n,Mukono median,Mukono min,Mukono max,Mukono CV %,Nakaseke n,Nakaseke median,Nakaseke min,Nakaseke max,Nakaseke CV %
Cereals,maize,UGX/kg,0,10,2550.0,2500.0,3000.0,6.9,11,2800.0,2500.0,3500.0,9.2
Cereals,millet,UGX/kg,0,7,3500.0,3000.0,4000.0,10.4,5,4000.0,3000.0,7000.0,38.2
Cereals,rice,UGX/kg,0,12,3850.0,3400.0,5000.0,12.8,12,4250.0,3500.0,5000.0,10.5
Cereals,wheat,UGX/kg,0,11,3000.0,2750.0,6000.0,35.2,11,3250.0,3000.0,6000.0,34.6
Dairy,milk,UGX/litre,11,5,5000.0,2000.0,5000.0,31.0,4,2250.0,1800.0,4000.0,38.6
Dairy,yoghurt,UGX/kg,0,5,5000.0,4000.0,8000.0,28.3,6,8000.0,6666.7,13333.3,29.0
Eggs,eggs,UGX/tray,0,6,10750.0,10200.0,12000.0,7.2,9,11000.0,10000.0,12000.0,6.3
Fish,fish,UGX/kg,0,0,,,,,1,15000.0,15000.0,15000.0,
Fish,nileperch,UGX/piece,0,1,10000.0,10000.0,10000.0,,0,,,,
Leafy vegetables,bbuga,UGX/kg,100,6,1666.7,1666.7,1666.7,0.0,2,2500.0,1666.7,3333.3,
Leafy vegetables,cabbage,UGX/piece,0,7,1000.0,500.0,3000.0,78.3,9,1000.0,500.0,3000.0,54.7
Leafy vegetables,doodo,UGX/kg,100,6,1666.7,1666.7,2000.0,7.9,3,3333.3,1666.7,3333.3,34.6
Leafy vegetables,nakati,UGX/kg,100,6,1666.7,1666.7,3333.3,33.3,2,1666.7,1666.7,1666.7,
Legumes,cowpeas,UGX/kg,0,3,6000.0,5000.0,6000.0,10.2,4,5750.0,3800.0,6000.0,19.6
Legumes,dried beans,UGX/kg,0,9,3800.0,3500.0,4000.0,6.7,10,3500.0,3000.0,4500.0,13.0
Legumes,fresh beans,UGX/kg,70,7,4000.0,3000.0,4000.0,9.8,3,4000.0,2000.0,4000.0,34.6
Legumes,groundnuts,UGX/kg,0,12,7000.0,6500.0,7500.0,4.8,10,7000.0,6500.0,7500.0,4.9
Legumes,soybeans,UGX/kg,0,2,3750.0,3500.0,4000.0,,3,3200.0,3000.0,4000.0,15.6
Meat,beef,UGX/kg,0,8,17500.0,16000.0,19000.0,6.1,8,17000.0,16000.0,18000.0,4.4
Meat,chicken,UGX/kg,0,2,14500.0,14000.0,15000.0,,1,16000.0,16000.0,16000.0,
Meat,goat,UGX/kg,0,5,20000.0,20000.0,20000.0,0.0,7,20000.0,18000.0,22000.0,5.8
"Oils, fats & drinks",cooking oil,UGX/litre,0,11,7000.0,7000.0,7600.0,3.3,10,7450.0,7200.0,15000.0,28.8
"Oils, fats & drinks",margarine,UGX/kg,6,11,22000.0,16000.0,25000.0,11.9,6,25000.0,15000.0,25000.0,22.5
"Oils, fats & drinks",soft drink 1,UGX/litre,0,5,5555.6,5000.0,6060.6,9.6,5,6060.6,5000.0,6250.0,8.9
"Oils, fats & drinks",soft drink 2,UGX/litre,0,1,2000.0,2000.0,2000.0,,2,4000.0,3000.0,5000.0,
Other vegetables,cucumber,UGX/piece,0,1,333.3,333.3,333.3,,1,1000.0,1000.0,1000.0,
Other vegetables,onions,UGX/kg,20,9,2500.0,2000.0,3000.0,14.1,6,3500.0,2500.0,4500.0,25.2
Other vegetables,tomatoes,UGX/kg,100,5,1250.0,1250.0,2500.0,39.1,5,1428.6,1000.0,5000.0,86.6
Prepared cereals,bread,UGX/kg,0,12,5500.0,5500.0,6000.0,4.3,12,5500.0,2800.0,6000.0,15.6
Prepared cereals,chapati,UGX/piece,0,5,500.0,500.0,1000.0,39.1,9,1000.0,500.0,1000.0,17.6
Prepared cereals,oats,UGX/kg,0,2,3600.0,3200.0,4000.0,,1,7000.0,7000.0,7000.0,
Prepared cereals,spaghetti,UGX/kg,0,12,8666.7,5000.0,10000.0,21.3,11,7200.0,4000.0,12500.0,31.4
Roots & tubers,Irish potatoes,UGX/kg,35,11,1200.0,1000.0,1666.7,13.1,9,2000.0,2000.0,2200.0,3.3
Roots & tubers,cassava,UGX/kg,80,6,1000.0,1000.0,1500.0,22.1,4,1000.0,1000.0,2000.0,40.0
Roots & tubers,sweet potatoes,UGX/kg,100,4,666.7,666.7,1333.3,40.0,3,1333.3,1333.3,3333.3,57.7
Roots & tubers,yams,UGX/kg,100,5,1000.0,666.7,2000.0,43.2,0,,,,
Starchy fruits & fruit,avocado,UGX/piece,0,6,500.0,250.0,700.0,34.6,5,333.3,250.0,1000.0,70.7
Starchy fruits & fruit,jackfruit,UGX/piece,0,2,7500.0,5000.0,10000.0,,0,,,,
Starchy fruits & fruit,mangoes,UGX/piece,0,5,500.0,250.0,1500.0,66.7,3,500.0,333.3,1000.0,56.8
Starchy fruits & fruit,matooke,UGX/kg,100,5,1250.0,833.3,4000.0,67.0,9,1250.0,250.0,2083.3,57.6
Starchy fruits & fruit,pumpkin,UGX/piece,0,4,4000.0,1500.0,5000.0,46.9,3,5000.0,2000.0,7000.0,53.9
Starchy fruits & fruit,sweet banana,UGX/kg,100,6,2750.0,1000.0,6000.0,54.8,9,1000.0,400.0,2000.0,52.8
Starchy fruits & fruit,watermelon,UGX/piece,0,4,4500.0,1500.0,5000.0,42.6,6,4500.0,3000.0,10000.0,52.4
