tool_item,market_item,n_prices,lowest,median,basis,district
Rice 1,rice,12,3400.0,3850.0,weighed/standard,Mukono
Rice 2,rice,12,3400.0,3850.0,weighed/standard,Mukono
Rice 3,rice,12,3400.0,3850.0,weighed/standard,Mukono
Rice 4,rice,12,3400.0,3850.0,weighed/standard,Mukono
Bread,bread,12,5500.0,5500.0,weighed/standard,Mukono
chapati,naan,0,,,no usable market price - tool value kept,Mukono
Doughnut,-,0,,,not in market survey - tool value kept,Mukono
Cassava,cassava,6,1000.0,1000.0,guessed local unit (values < 50% of median dropped),Mukono
Potatoes,irish_potatoes,9,1000.0,1200.0,weighed/standard,Mukono
Yams,yams,5,666.7,1000.0,guessed local unit (values < 50% of median dropped),Mukono
Pumpkin,pumpkin,0,,,no usable market price - tool value kept,Mukono
Matooke,banana,5,833.3,1250.0,guessed local unit (values < 50% of median dropped),Mukono
Green Pepper,-,0,,,not in market survey - tool value kept,Mukono
Groundnuts,ground_nuts,12,6500.0,7000.0,weighed/standard,Mukono
fresh Beans,fresh_beans,3,3000.0,4000.0,weighed/standard,Mukono
Peas,cow_peas,3,5000.0,6000.0,weighed/standard,Mukono
Soy,dried_soybeans,2,3500.0,3750.0,weighed/standard,Mukono
drybeans,dried_beans,9,3500.0,3800.0,weighed/standard,Mukono
Milk,milk,5,2000.0,5000.0,weighed/standard,Mukono
Youghurt,yoghurt,3,3000.0,5000.0,weighed/standard,Mukono
Butter,margarine,10,16000.0,22000.0,weighed/standard,Mukono
Eggs,eggs,6,5666.7,5972.2,per tray / 1.8 kg (assumed),Mukono
Eggs,eggs,6,5666.7,5972.2,per tray / 1.8 kg (assumed),Mukono
Eggs,eggs,6,5666.7,5972.2,per tray / 1.8 kg (assumed),Mukono
Chicken,chicken,2,14000.0,14500.0,weighed/standard,Mukono
beef,beaf,8,16000.0,17500.0,weighed/standard,Mukono
Goat/Chevon,goat,5,20000.0,20000.0,weighed/standard,Mukono
Ngege Fresh,fish,0,,,no usable market price - tool value kept,Mukono
Mpuuta,-,0,,,not in market survey - tool value kept,Mukono
Mukene,-,0,,,not in market survey - tool value kept,Mukono
Ngege Dried,-,0,,,not in market survey - tool value kept,Mukono
Nakati,nakati,6,1666.7,1666.7,guessed local unit (values < 50% of median dropped),Mukono
Spinach,-,0,,,not in market survey - tool value kept,Mukono
Sukuma,-,0,,,not in market survey - tool value kept,Mukono
Doodo,doodo,6,1666.7,1666.7,guessed local unit (values < 50% of median dropped),Mukono
Bbuga,ebugga,6,1666.7,1666.7,guessed local unit (values < 50% of median dropped),Mukono
Spring Onions,-,0,,,not in market survey - tool value kept,Mukono
Cabbage,cabbage,0,,,no usable market price - tool value kept,Mukono
Water Melon,watermelon,0,,,no usable market price - tool value kept,Mukono
Mangoes,mangoes,0,,,no usable market price - tool value kept,Mukono
Bananas,sweet_banana,5,2500.0,3000.0,guessed local unit (values < 50% of median dropped),Mukono
Pine Apple,-,0,,,not in market survey - tool value kept,Mukono
Cooking Oil,cookingoil,11,7000.0,7000.0,weighed/standard,Mukono
Cow Ghee,-,0,,,not in market survey - tool value kept,Mukono
Processed Fats (Cowboy),-,0,,,not in market survey - tool value kept,Mukono
soda,-,0,,,not in market survey - tool value kept,Mukono
soda,-,0,,,not in market survey - tool value kept,Mukono
soda,-,0,,,not in market survey - tool value kept,Mukono
Banana Juice,-,0,,,not in market survey - tool value kept,Mukono
Pine Apple Juice,-,0,,,not in market survey - tool value kept,Mukono
Non Alcoholic Kombucha,-,0,,,not in market survey - tool value kept,Mukono
Non Alcoholic Kombucha,-,0,,,not in market survey - tool value kept,Mukono
Non Alcoholic Kombucha,-,0,,,not in market survey - tool value kept,Mukono
Rice 1,rice,12,3500.0,4250.0,weighed/standard,Nakaseke
Rice 2,rice,12,3500.0,4250.0,weighed/standard,Nakaseke
Rice 3,rice,12,3500.0,4250.0,weighed/standard,Nakaseke
Rice 4,rice,12,3500.0,4250.0,weighed/standard,Nakaseke
Bread,bread,12,2800.0,5500.0,weighed/standard,Nakaseke
chapati,naan,0,,,no usable market price - tool value kept,Nakaseke
Doughnut,-,0,,,not in market survey - tool value kept,Nakaseke
Cassava,cassava,2,1000.0,1500.0,weighed/standard,Nakaseke
Potatoes,irish_potatoes,4,2000.0,2000.0,weighed/standard,Nakaseke
Yams,yams,0,,,no usable market price - tool value kept,Nakaseke
Pumpkin,pumpkin,0,,,no usable market price - tool value kept,Nakaseke
Matooke,banana,7,666.7,1250.0,guessed local unit (values < 50% of median dropped),Nakaseke
Green Pepper,-,0,,,not in market survey - tool value kept,Nakaseke
Groundnuts,ground_nuts,10,6500.0,7000.0,weighed/standard,Nakaseke
fresh Beans,fresh_beans,3,2000.0,4000.0,guessed local unit (values < 50% of median dropped),Nakaseke
Peas,cow_peas,4,3800.0,5750.0,weighed/standard,Nakaseke
Soy,dried_soybeans,3,3000.0,3200.0,weighed/standard,Nakaseke
drybeans,dried_beans,10,3000.0,3500.0,weighed/standard,Nakaseke
Milk,milk,3,1800.0,2000.0,weighed/standard,Nakaseke
Youghurt,yoghurt,2,4000.0,4000.0,guessed local unit (values < 50% of median dropped),Nakaseke
Butter,margarine,6,15000.0,25000.0,weighed/standard,Nakaseke
Eggs,eggs,9,5555.6,6111.1,per tray / 1.8 kg (assumed),Nakaseke
Eggs,eggs,9,5555.6,6111.1,per tray / 1.8 kg (assumed),Nakaseke
Eggs,eggs,9,5555.6,6111.1,per tray / 1.8 kg (assumed),Nakaseke
Chicken,chicken,1,16000.0,16000.0,weighed/standard,Nakaseke
beef,beaf,8,16000.0,17000.0,weighed/standard,Nakaseke
Goat/Chevon,goat,7,18000.0,20000.0,weighed/standard,Nakaseke
Ngege Fresh,fish,1,15000.0,15000.0,weighed/standard,Nakaseke
Mpuuta,-,0,,,not in market survey - tool value kept,Nakaseke
Mukene,-,0,,,not in market survey - tool value kept,Nakaseke
Ngege Dried,-,0,,,not in market survey - tool value kept,Nakaseke
Nakati,nakati,2,1666.7,1666.7,guessed local unit (values < 50% of median dropped),Nakaseke
Spinach,-,0,,,not in market survey - tool value kept,Nakaseke
Sukuma,-,0,,,not in market survey - tool value kept,Nakaseke
Doodo,doodo,3,1666.7,3333.3,guessed local unit (values < 50% of median dropped),Nakaseke
Bbuga,ebugga,2,1666.7,2500.0,guessed local unit (values < 50% of median dropped),Nakaseke
Spring Onions,-,0,,,not in market survey - tool value kept,Nakaseke
Cabbage,cabbage,0,,,no usable market price - tool value kept,Nakaseke
Water Melon,watermelon,0,,,no usable market price - tool value kept,Nakaseke
Mangoes,mangoes,0,,,no usable market price - tool value kept,Nakaseke
Bananas,sweet_banana,7,1000.0,1000.0,guessed local unit (values < 50% of median dropped),Nakaseke
Pine Apple,-,0,,,not in market survey - tool value kept,Nakaseke
Cooking Oil,cookingoil,10,7200.0,7450.0,weighed/standard,Nakaseke
Cow Ghee,-,0,,,not in market survey - tool value kept,Nakaseke
Processed Fats (Cowboy),-,0,,,not in market survey - tool value kept,Nakaseke
soda,-,0,,,not in market survey - tool value kept,Nakaseke
soda,-,0,,,not in market survey - tool value kept,Nakaseke
soda,-,0,,,not in market survey - tool value kept,Nakaseke
Banana Juice,-,0,,,not in market survey - tool value kept,Nakaseke
Pine Apple Juice,-,0,,,not in market survey - tool value kept,Nakaseke
Non Alcoholic Kombucha,-,0,,,not in market survey - tool value kept,Nakaseke
Non Alcoholic Kombucha,-,0,,,not in market survey - tool value kept,Nakaseke
Non Alcoholic Kombucha,-,0,,,not in market survey - tool value kept,Nakaseke
