,n,median,q25,q75,mean,test
Mukono,296.0,2.0,1.0,3.0,2.36,Mann-Whitney districts p < 0.001
Nakaseke,296.0,2.0,1.5,4.0,3.39,
Mukono | LI <25%,128.0,1.0,0.5,2.0,1.66,Kruskal LI groups p < 0.001
Mukono | LI 25-50%,120.0,2.0,1.0,3.0,2.41,
Mukono | LI 50-100%,29.0,3.0,1.5,4.0,3.58,
Mukono | LI >=100%,19.0,5.0,2.0,6.75,4.97,
Nakaseke | LI <25%,181.0,2.0,1.0,4.0,3.1,Kruskal LI groups p < 0.001
Nakaseke | LI 25-50%,73.0,3.0,1.5,4.0,3.34,
Nakaseke | LI 50-100%,29.0,3.0,2.0,5.0,4.03,
Nakaseke | LI >=100%,13.0,6.0,3.5,10.0,6.47,
All,592.0,2.0,1.0,3.62,2.88,
