group,category,mean,ci_low,ci_high
Mukono,Coffee,2837788.0,2220939.0,3579986.0
Nakaseke,Coffee,2950638.0,2402518.0,3565321.0
Both,Coffee,2894496.0,2461257.0,3375451.0
Mukono,Other crop sales,759124.0,508849.0,1061126.0
Nakaseke,Other crop sales,248605.0,193477.0,309895.0
Both,Other crop sales,502582.0,374973.0,656275.0
Mukono,"Other cash (livestock, non-farm, transfers)",1585253.0,1228062.0,1976819.0
Nakaseke,"Other cash (livestock, non-farm, transfers)",391746.0,291317.0,508774.0
Both,"Other cash (livestock, non-farm, transfers)",985501.0,798166.0,1196812.0
Mukono,Home-grown food (in-kind),2714296.0,2557373.0,2878743.0
Nakaseke,Home-grown food (in-kind),1935248.0,1836867.0,2037851.0
Both,Home-grown food (in-kind),2322814.0,2221036.0,2418222.0
Mukono,Tree products used at home (in-kind),23114.0,11733.0,36330.0
Nakaseke,Tree products used at home (in-kind),61052.0,33296.0,94615.0
Both,Tree products used at home (in-kind),42178.0,26630.0,59337.0
