_id,district,li_group,land_owned_ac,coffee_ac,coffee_share_pct
616677841,mukono,25-50%,0.5,0.25,50.0
551440657,nakaseke,<25%,1.0,0.8,80.0
592191523,nakaseke,<25%,2.0,0.6,30.0
552803559,nakaseke,25-50%,0.9,0.6,66.66666666666666
613177526,nakaseke,>=100%,10.0,9.0,90.0
613831899,nakaseke,<25%,1.0,0.6,60.0
614880484,mukono,<25%,0.25,0.25,100.0
550714067,nakaseke,<25%,1.0,0.5,50.0
550714208,nakaseke,<25%,2.0,1.5,75.0
556045414,nakaseke,<25%,3.0,1.0,33.33333333333333
556046788,nakaseke,<25%,2.0,1.0,50.0
557695958,nakaseke,<25%,1.5,1.0,66.66666666666666
560461977,nakaseke,25-50%,3.0,1.5,50.0
592361767,nakaseke,50-100%,0.8,0.5,62.5
592363240,nakaseke,25-50%,1.5,1.0,66.66666666666666
616701192,mukono,<25%,0.75,0.75,100.0
624293019,mukono,<25%,1.0,0.5,50.0
550715350,nakaseke,<25%,2.0,1.0,50.0
552803832,nakaseke,50-100%,2.0,1.0,50.0
553311655,nakaseke,<25%,1.0,0.7,70.0
554396495,nakaseke,<25%,1.0,0.6,60.0
555218845,nakaseke,25-50%,4.0,3.0,75.0
556047384,nakaseke,<25%,4.0,2.0,50.0
557713875,nakaseke,<25%,0.7,0.4,57.14285714285715
558376731,nakaseke,<25%,1.5,1.0,66.66666666666666
558377788,nakaseke,<25%,3.0,1.5,50.0
558378029,nakaseke,<25%,1.0,0.5,50.0
559605691,nakaseke,25-50%,15.0,6.0,40.0
560460598,nakaseke,<25%,4.0,2.0,50.0
560460842,nakaseke,25-50%,1.5,0.8,53.333333333333336
561199081,nakaseke,<25%,3.0,2.0,66.66666666666666
561203340,nakaseke,25-50%,2.0,1.0,50.0
561250862,nakaseke,<25%,0.8,0.4,50.0
582704845,nakaseke,25-50%,5.0,3.0,60.0
585217011,nakaseke,50-100%,3.0,2.0,66.66666666666666
588626659,nakaseke,<25%,0.9,0.5,55.55555555555556
588783193,nakaseke,50-100%,2.0,1.0,50.0
613810847,nakaseke,<25%,1.0,0.6,60.0
614880582,mukono,<25%,0.5,0.5,100.0
616579050,mukono,25-50%,1.0,0.5,50.0
616701381,mukono,<25%,0.5,0.5,100.0
623704503,mukono,<25%,2.0,0.5,25.0
550714829,nakaseke,<25%,0.5,0.4,80.0
551432268,nakaseke,<25%,1.0,0.6,60.0
551438359,nakaseke,25-50%,4.0,3.0,75.0
551438847,nakaseke,<25%,1.0,0.8,80.0
552834713,nakaseke,25-50%,1.0,0.8,80.0
553313606,nakaseke,<25%,1.0,0.5,50.0
553314110,nakaseke,>=100%,1.0,0.3,30.0
553314852,nakaseke,25-50%,4.0,3.0,75.0
554382238,nakaseke,50-100%,2.0,1.5,75.0
554383042,nakaseke,>=100%,2.0,1.0,50.0
554388188,nakaseke,50-100%,3.0,2.0,66.66666666666666
555219221,nakaseke,>=100%,10.0,20.5,204.99999999999997
555219441,nakaseke,25-50%,10.0,5.0,50.0
555219813,nakaseke,<25%,1.0,0.6,60.0
556046148,nakaseke,25-50%,3.0,1.0,33.33333333333333
557695618,nakaseke,25-50%,1.0,0.8,80.0
557695779,nakaseke,25-50%,4.0,3.0,75.0
557696080,nakaseke,50-100%,1.5,1.0,66.66666666666666
559607285,nakaseke,<25%,2.5,1.0,40.0
559607680,nakaseke,50-100%,2.0,1.0,50.0
559615651,nakaseke,<25%,3.0,1.0,33.33333333333333
560459965,nakaseke,25-50%,3.0,1.0,33.33333333333333
561202301,nakaseke,25-50%,3.0,1.0,33.33333333333333
567488224,nakaseke,<25%,3.0,2.0,66.66666666666666
581728335,nakaseke,25-50%,5.0,4.0,80.0
581800534,nakaseke,25-50%,2.0,1.0,50.0
581801301,nakaseke,25-50%,2.0,1.5,75.0
582682579,nakaseke,25-50%,1.0,0.8,80.0
582684638,nakaseke,<25%,2.0,1.0,50.0
583582238,nakaseke,50-100%,6.0,4.0,66.66666666666666
584447265,nakaseke,25-50%,5.0,3.0,60.0
585215638,nakaseke,50-100%,6.0,4.0,66.66666666666666
585216305,nakaseke,<25%,2.0,1.0,50.0
587012670,nakaseke,50-100%,4.0,3.0,75.0
587012983,nakaseke,25-50%,3.0,2.0,66.66666666666666
587013280,nakaseke,>=100%,6.0,4.0,66.66666666666666
588781706,nakaseke,50-100%,3.0,2.0,66.66666666666666
589705500,nakaseke,50-100%,2.0,1.5,75.0
589705733,nakaseke,>=100%,4.0,3.0,75.0
592193539,nakaseke,>=100%,8.6,8.0,93.02325581395348
593223241,nakaseke,50-100%,1.5,1.0,66.66666666666666
593223559,nakaseke,25-50%,0.8,0.5,62.5
613174996,nakaseke,25-50%,2.0,1.0,50.0
613177861,nakaseke,25-50%,1.0,0.8,80.0
613177864,nakaseke,25-50%,1.5,1.0,66.66666666666666
613178463,nakaseke,50-100%,3.0,2.0,66.66666666666666
613178868,nakaseke,25-50%,0.8,0.5,62.5
613180603,nakaseke,<25%,0.8,0.5,62.5
613822490,nakaseke,<25%,0.8,0.4,50.0
613825443,nakaseke,25-50%,1.5,1.0,66.66666666666666
618055484,mukono,25-50%,1.0,0.5,50.0
619558400,mukono,<25%,0.5,0.25,50.0
621499875,mukono,25-50%,1.0,0.5,50.0
623176650,mukono,50-100%,1.0,0.5,50.0
623183149,mukono,25-50%,3.0,0.6,20.0
623185581,mukono,25-50%,3.0,0.5,16.666666666666664
633165095,mukono,>=100%,6.5,0.5,7.6923076923076925
633861862,mukono,50-100%,0.5,0.3,60.0
634022320,mukono,25-50%,0.5,0.5,100.0
634322498,mukono,<25%,0.5,0.5,100.0
634928993,mukono,<25%,0.5,0.5,100.0
634952733,mukono,50-100%,3.0,0.25,8.333333333333332
634953204,mukono,<25%,1.0,0.25,25.0
635102101,mukono,50-100%,1.5,0.25,16.666666666666664
635102513,mukono,25-50%,1.0,0.25,25.0
644159914,mukono,>=100%,7.0,7.0,100.0
644420047,mukono,25-50%,1.0,0.5,50.0
551439754,nakaseke,50-100%,10.0,8.0,80.0
552968706,nakaseke,50-100%,5.0,3.0,60.0
552969446,nakaseke,25-50%,1.0,0.8,80.0
552970239,nakaseke,25-50%,1.5,1.0,66.66666666666666
554387935,nakaseke,50-100%,2.0,1.5,75.0
558377096,nakaseke,25-50%,2.0,1.0,50.0
559607458,nakaseke,<25%,8.0,5.0,62.5
567493335,nakaseke,25-50%,2.0,1.0,50.0
581802079,nakaseke,25-50%,3.0,2.0,66.66666666666666
582619340,nakaseke,<25%,2.0,1.5,75.0
583580839,nakaseke,>=100%,7.0,5.0,71.42857142857143
584444811,nakaseke,25-50%,2.0,1.0,50.0
585215286,nakaseke,25-50%,4.0,2.5,62.5
587013182,nakaseke,25-50%,2.0,1.0,50.0
588782700,nakaseke,50-100%,5.0,3.0,60.0
589705993,nakaseke,50-100%,3.0,2.0,66.66666666666666
613178458,nakaseke,>=100%,13.0,10.0,76.92307692307693
613178880,nakaseke,25-50%,2.0,1.5,75.0
613179574,nakaseke,25-50%,1.0,0.8,80.0
615825416,mukono,<25%,0.25,0.25,100.0
619544793,mukono,<25%,1.5,1.0,66.66666666666666
623479229,mukono,<25%,0.5,0.5,100.0
633706398,mukono,<25%,0.25,0.25,100.0
633706854,mukono,<25%,1.0,1.0,100.0
553314312,nakaseke,25-50%,3.0,2.0,66.66666666666666
555219512,nakaseke,<25%,1.5,1.1,73.33333333333334
561200684,nakaseke,25-50%,5.0,2.0,40.0
583583184,nakaseke,>=100%,3.0,1.5,50.0
584444125,nakaseke,25-50%,3.0,2.0,66.66666666666666
584446459,nakaseke,25-50%,3.0,2.0,66.66666666666666
586786507,nakaseke,<25%,1.5,0.9,60.0
586805028,nakaseke,<25%,2.0,1.0,50.0
588783732,nakaseke,50-100%,3.0,1.5,50.0
589705256,nakaseke,>=100%,3.5,2.0,57.14285714285714
592362627,nakaseke,25-50%,1.0,0.5,50.0
592363516,nakaseke,25-50%,2.0,1.5,75.0
615755561,mukono,50-100%,4.0,3.0,75.0
616699698,mukono,25-50%,0.5,0.5,100.0
618056804,mukono,25-50%,2.0,1.0,50.0
623479343,mukono,<25%,0.5,0.5,100.0
631647706,mukono,<25%,0.5,0.5,100.0
632871446,mukono,<25%,0.25,0.25,100.0
644420087,mukono,<25%,3.0,2.0,66.66666666666666
583581711,nakaseke,25-50%,3.0,2.0,66.66666666666666
592192218,nakaseke,<25%,2.0,1.0,50.0
614880682,mukono,<25%,0.5,0.5,100.0
618739011,mukono,25-50%,5.0,5.0,100.0
618739107,mukono,25-50%,3.0,3.0,100.0
622484850,mukono,<25%,0.5,0.5,100.0
623479274,mukono,<25%,0.25,0.25,100.0
623981062,mukono,<25%,0.5,0.5,100.0
634929144,mukono,<25%,0.5,0.5,100.0
635625391,mukono,<25%,0.5,0.5,100.0
635625490,mukono,<25%,0.25,0.25,100.0
556031317,nakaseke,<25%,0.8,0.5,62.5
556037719,nakaseke,<25%,2.0,0.8,40.0
560449324,nakaseke,25-50%,4.0,2.0,50.0
586026956,nakaseke,<25%,1.0,0.6,60.0
616680304,mukono,25-50%,0.7,0.5,71.42857142857143
616700114,mukono,<25%,0.5,0.5,100.0
623980936,mukono,<25%,0.5,0.5,100.0
632872132,mukono,25-50%,0.5,0.5,100.0
550732883,nakaseke,<25%,0.8,0.5,62.5
582502735,nakaseke,<25%,1.0,0.7,70.0
586030936,nakaseke,<25%,0.8,0.4,50.0
614807290,mukono,25-50%,1.0,0.5,50.0
614850521,mukono,<25%,1.0,0.5,50.0
614880379,mukono,25-50%,3.0,3.0,100.0
615759274,mukono,<25%,1.0,0.5,50.0
615825361,mukono,25-50%,2.0,2.0,100.0
616578776,mukono,25-50%,1.5,0.5,33.33333333333333
616579437,mukono,25-50%,2.0,1.0,50.0
616580090,mukono,<25%,1.0,0.5,50.0
616699119,mukono,<25%,0.5,0.5,100.0
617648886,mukono,<25%,1.0,1.0,100.0
618056277,mukono,<25%,2.0,0.5,25.0
618502771,mukono,<25%,0.75,0.5,66.66666666666666
618503624,mukono,<25%,1.0,0.5,50.0
619549456,mukono,25-50%,3.5,1.5,42.857142857142854
619551006,mukono,<25%,2.0,1.0,50.0
619552154,mukono,25-50%,1.5,1.0,66.66666666666666
619559855,mukono,25-50%,1.5,1.0,66.66666666666666
622292961,mukono,<25%,1.0,0.5,50.0
623188000,mukono,50-100%,3.0,0.5,16.666666666666664
623704256,mukono,>=100%,5.0,3.0,60.0
624717557,mukono,25-50%,1.0,0.5,50.0
628775538,mukono,25-50%,0.8,0.5,62.5
632457381,mukono,<25%,1.0,0.5,50.0
632479613,mukono,<25%,1.0,0.5,50.0
632526756,mukono,50-100%,4.0,2.5,62.5
632870245,mukono,<25%,0.25,0.25,100.0
633860192,mukono,>=100%,2.0,1.0,50.0
633861646,mukono,25-50%,1.0,0.5,50.0
634322667,mukono,<25%,0.5,0.5,100.0
634322758,mukono,<25%,1.0,1.0,100.0
635625535,mukono,<25%,1.0,1.0,100.0
635860119,mukono,<25%,1.0,0.5,50.0
636602799,mukono,<25%,2.0,1.0,50.0
558422222,nakaseke,<25%,2.0,1.0,50.0
559666954,nakaseke,<25%,0.8,0.4,50.0
560448617,nakaseke,<25%,1.8,0.9,50.0
583505993,nakaseke,<25%,1.0,0.7,70.0
584452976,nakaseke,<25%,1.5,0.8,53.333333333333336
586809899,nakaseke,<25%,1.0,0.8,80.0
618738329,mukono,<25%,1.0,1.0,100.0
623981362,mukono,25-50%,0.5,0.5,100.0
633706233,mukono,<25%,0.5,0.5,100.0
555219650,nakaseke,<25%,0.8,0.5,62.5
581666974,nakaseke,<25%,0.8,0.6,74.99999999999999
589566940,nakaseke,<25%,1.0,0.9,90.0
615760019,mukono,<25%,1.5,0.5,33.33333333333333
615825276,mukono,25-50%,2.0,2.0,100.0
616698945,mukono,25-50%,3.0,1.0,33.33333333333333
616699320,mukono,25-50%,1.0,1.0,100.0
619769782,mukono,25-50%,1.0,1.0,100.0
621639263,mukono,<25%,0.5,0.5,100.0
622484708,mukono,25-50%,1.0,1.0,100.0
623981163,mukono,50-100%,4.0,0.5,12.5
550732746,nakaseke,25-50%,1.0,0.8,80.0
615825485,mukono,<25%,10.0,0.75,7.5
551438282,nakaseke,<25%,0.9,0.4,44.44444444444445
585181910,nakaseke,<25%,2.0,1.0,50.0
553313598,nakaseke,50-100%,7.0,5.0,71.42857142857143
555219886,nakaseke,<25%,3.0,1.5,50.0
561236657,nakaseke,<25%,2.0,1.0,50.0
583502844,nakaseke,<25%,1.5,1.0,66.66666666666666
584472197,nakaseke,<25%,2.5,1.0,40.0
588619360,nakaseke,<25%,1.5,1.0,66.66666666666666
613814407,nakaseke,<25%,4.6,4.0,86.95652173913044
614850687,mukono,<25%,0.5,0.5,100.0
615773237,mukono,<25%,1.0,0.5,50.0
616679140,mukono,50-100%,1.3,1.0,76.92307692307692
618056509,mukono,25-50%,3.0,2.5,83.33333333333334
618502947,mukono,<25%,1.0,0.5,50.0
618503261,mukono,25-50%,1.0,0.75,75.0
618738549,mukono,<25%,0.5,0.5,100.0
619307564,mukono,25-50%,1.5,1.0,66.66666666666666
619543012,mukono,25-50%,1.0,0.5,50.0
620136574,mukono,25-50%,1.5,0.5,33.33333333333333
620155076,mukono,<25%,1.0,0.5,50.0
621076849,mukono,25-50%,4.0,1.0,25.0
622287746,mukono,<25%,1.0,0.5,50.0
622484987,mukono,<25%,6.0,2.0,33.33333333333333
631647870,mukono,25-50%,0.9,0.9,100.0
632483673,mukono,<25%,3.0,1.5,50.0
632532023,mukono,50-100%,1.0,0.5,50.0
633706958,mukono,<25%,1.0,1.0,100.0
634023370,mukono,25-50%,2.0,1.0,50.0
634718078,mukono,25-50%,3.0,2.0,66.66666666666666
634718387,mukono,<25%,1.0,0.5,50.0
635238203,mukono,<25%,1.0,0.5,50.0
635859907,mukono,25-50%,2.0,1.5,75.0
636603192,mukono,25-50%,5.0,4.0,80.0
551433371,nakaseke,<25%,2.0,1.0,50.0
581719428,nakaseke,<25%,1.0,0.8,80.0
584453809,nakaseke,25-50%,3.0,1.8,60.0
588629366,nakaseke,<25%,2.0,1.0,50.0
593198085,nakaseke,<25%,1.8,1.0,55.55555555555556
614850630,mukono,<25%,7.0,2.0,28.57142857142857
558415060,nakaseke,<25%,1.0,0.8,80.0
561237697,nakaseke,<25%,1.0,0.6,60.0
582502398,nakaseke,<25%,2.0,1.5,75.0
586028388,nakaseke,<25%,2.0,1.0,50.0
613819661,nakaseke,<25%,0.9,0.5,55.55555555555556
619770045,mukono,25-50%,1.0,1.0,100.0
553313800,nakaseke,50-100%,6.0,5.0,83.33333333333334
560449000,nakaseke,<25%,0.7,0.1,14.285714285714288
560449862,nakaseke,<25%,3.0,1.6,53.333333333333336
583505325,nakaseke,<25%,2.5,1.0,40.0
613821415,nakaseke,<25%,6.0,5.0,83.33333333333334
561257600,nakaseke,<25%,1.0,0.5,50.0
585193571,nakaseke,<25%,3.0,1.0,33.33333333333333
621639988,mukono,25-50%,1.0,1.0,100.0
550731204,nakaseke,<25%,0.5,0.3,60.0
550739292,nakaseke,<25%,1.0,0.1,10.0
550740686,nakaseke,<25%,2.0,1.0,50.0
551433006,nakaseke,<25%,0.7,0.2,28.571428571428577
552803009,nakaseke,25-50%,2.0,1.8,90.0
554395712,nakaseke,<25%,0.9,0.5,55.55555555555556
555219447,nakaseke,<25%,2.0,1.0,50.0
559669939,nakaseke,25-50%,5.0,1.0,20.0
581666409,nakaseke,<25%,3.0,2.0,66.66666666666666
585208171,nakaseke,<25%,2.5,1.5,60.0
613829595,nakaseke,<25%,3.0,2.5,83.33333333333334
614807717,mukono,<25%,1.0,0.5,50.0
615773415,mukono,<25%,1.5,1.0,66.66666666666666
616587562,mukono,<25%,3.0,2.0,66.66666666666666
617648818,mukono,<25%,1.0,0.75,75.0
617656724,mukono,25-50%,1.0,1.0,100.0
618738718,mukono,<25%,2.0,2.0,100.0
618740822,mukono,<25%,3.0,3.0,100.0
619306835,mukono,<25%,0.75,0.5,66.66666666666666
619559199,mukono,50-100%,7.0,3.0,42.857142857142854
619769613,mukono,25-50%,3.0,3.0,100.0
620129760,mukono,25-50%,3.0,2.0,66.66666666666666
620157158,mukono,25-50%,2.0,1.0,50.0
620418682,mukono,50-100%,2.0,1.0,50.0
620699865,mukono,<25%,2.0,2.0,100.0
620699988,mukono,>=100%,1.0,1.0,100.0
621075678,mukono,<25%,1.0,0.5,50.0
621078199,mukono,25-50%,2.0,0.5,25.0
621497521,mukono,<25%,2.0,1.0,50.0
622288485,mukono,25-50%,3.5,1.5,42.857142857142854
622289226,mukono,<25%,4.0,0.5,12.5
622950844,mukono,25-50%,4.0,2.0,50.0
622950959,mukono,25-50%,1.0,0.5,50.0
622951178,mukono,25-50%,5.0,3.0,60.0
623479319,mukono,25-50%,0.5,0.5,100.0
623704150,mukono,<25%,2.0,1.0,50.0
623704380,mukono,25-50%,1.0,0.5,50.0
624715344,mukono,25-50%,1.0,0.5,50.0
631647480,mukono,25-50%,5.0,5.0,100.0
632449589,mukono,25-50%,3.0,2.0,66.66666666666666
632465838,mukono,25-50%,3.0,2.0,66.66666666666666
633165465,mukono,<25%,3.0,1.5,50.0
633165662,mukono,<25%,1.0,0.5,50.0
634022615,mukono,50-100%,3.0,2.0,66.66666666666666
634718321,mukono,<25%,0.5,0.5,100.0
634929270,mukono,<25%,0.5,0.5,100.0
635102819,mukono,<25%,1.5,0.5,33.33333333333333
635238371,mukono,25-50%,2.0,1.0,50.0
635238449,mukono,<25%,3.0,2.0,66.66666666666666
635238630,mukono,<25%,1.0,0.5,50.0
635625333,mukono,<25%,0.5,0.5,100.0
635859825,mukono,25-50%,2.0,1.0,50.0
635860002,mukono,<25%,3.0,2.0,66.66666666666666
635860179,mukono,25-50%,2.0,2.0,100.0
636134719,mukono,>=100%,8.0,5.5,68.75
636135880,mukono,25-50%,2.0,1.0,50.0
636603058,mukono,25-50%,1.0,0.5,50.0
636603136,mukono,<25%,1.0,0.5,50.0
644152753,mukono,<25%,2.0,1.0,50.0
644152847,mukono,<25%,2.0,0.5,25.0
644159669,mukono,25-50%,0.75,0.75,100.0
554400498,nakaseke,>=100%,4.0,2.0,50.0
559666632,nakaseke,<25%,3.0,1.0,33.33333333333333
619306547,mukono,<25%,2.0,1.0,50.0
622485261,mukono,<25%,0.5,0.5,100.0
631647195,mukono,25-50%,0.25,0.25,100.0
565368592,nakaseke,25-50%,1.0,0.6,60.0
584454693,nakaseke,<25%,1.0,0.6,60.0
618738814,mukono,<25%,1.0,1.0,100.0
582503421,nakaseke,<25%,2.0,1.0,50.0
589565846,nakaseke,<25%,3.5,1.0,28.57142857142857
614850459,mukono,25-50%,3.0,3.0,100.0
556032422,nakaseke,25-50%,5.0,1.0,20.0
558422563,nakaseke,25-50%,3.0,1.0,33.33333333333333
585223034,nakaseke,<25%,1.0,0.7,70.0
623704362,mukono,25-50%,5.0,1.0,20.0
633165535,mukono,<25%,2.5,1.0,40.0
634929225,mukono,25-50%,2.0,2.0,100.0
636602878,mukono,25-50%,3.0,2.0,66.66666666666666
558418973,nakaseke,25-50%,2.0,1.2,60.0
613827164,nakaseke,50-100%,4.0,2.0,50.0
632876809,mukono,<25%,0.25,0.25,100.0
559670838,nakaseke,<25%,3.0,1.5,50.0
588625655,nakaseke,25-50%,3.0,1.5,50.0
550732633,nakaseke,<25%,2.0,0.6,30.0
550740078,nakaseke,<25%,8.0,4.0,50.0
552802393,nakaseke,50-100%,1.0,0.5,50.0
553314788,nakaseke,25-50%,3.5,2.5,71.42857142857143
556033462,nakaseke,50-100%,15.0,1.0,6.666666666666667
557694485,nakaseke,<25%,1.0,0.2,20.0
557694682,nakaseke,<25%,2.0,1.0,50.0
557711753,nakaseke,<25%,3.0,2.0,66.66666666666666
557713215,nakaseke,<25%,1.0,0.7,70.0
558375556,nakaseke,<25%,2.0,1.0,50.0
565368815,nakaseke,25-50%,3.0,1.0,33.33333333333333
583503314,nakaseke,25-50%,4.0,3.0,75.0
592192864,nakaseke,25-50%,2.0,1.3,65.0
614807974,mukono,<25%,1.0,0.75,75.0
614850566,mukono,>=100%,2.0,1.0,50.0
615761193,mukono,25-50%,10.0,5.0,50.0
615773611,mukono,25-50%,1.5,0.5,33.33333333333333
616675567,mukono,<25%,5.0,2.0,40.0
617462488,mukono,25-50%,3.0,2.0,66.66666666666666
617463415,mukono,<25%,1.5,0.5,33.33333333333333
617648934,mukono,<25%,1.0,1.0,100.0
619547863,mukono,<25%,1.5,1.0,66.66666666666666
619769827,mukono,<25%,1.0,1.0,100.0
619769984,mukono,25-50%,8.0,1.0,12.5
620417365,mukono,25-50%,5.0,1.0,20.0
620699936,mukono,25-50%,8.0,2.0,25.0
620700057,mukono,25-50%,2.0,2.0,100.0
621078668,mukono,25-50%,2.0,0.5,25.0
621640204,mukono,<25%,0.5,0.5,100.0
621642449,mukono,<25%,0.5,0.5,100.0
622289483,mukono,<25%,1.0,0.5,50.0
622485078,mukono,>=100%,7.0,6.0,85.71428571428571
623981243,mukono,<25%,2.0,2.0,100.0
624290457,mukono,25-50%,2.0,1.0,50.0
624291333,mukono,<25%,3.0,1.0,33.33333333333333
624292438,mukono,<25%,1.5,0.5,33.33333333333333
631647010,mukono,<25%,1.0,1.0,100.0
633165312,mukono,25-50%,2.0,1.0,50.0
633706793,mukono,<25%,5.0,0.25,5.0
634022985,mukono,<25%,1.5,1.0,66.66666666666666
634718242,mukono,50-100%,5.0,4.0,80.0
635238561,mukono,<25%,1.0,0.5,50.0
636135365,mukono,25-50%,1.0,0.5,50.0
636136285,mukono,25-50%,1.0,0.5,50.0
616674531,mukono,50-100%,2.5,1.5,60.0
557715625,nakaseke,<25%,0.8,0.5,62.5
582503133,nakaseke,<25%,4.0,2.0,50.0
586804272,nakaseke,25-50%,6.0,3.0,50.0
620699783,mukono,25-50%,2.0,2.0,100.0
550738751,nakaseke,<25%,2.0,1.0,50.0
589566299,nakaseke,<25%,1.5,1.0,66.66666666666666
556042851,nakaseke,<25%,3.0,1.2,40.0
581667076,nakaseke,<25%,4.0,2.0,50.0
561201812,nakaseke,<25%,2.0,0.9,45.0
561202655,nakaseke,<25%,3.0,1.0,33.33333333333333
622951271,mukono,<25%,2.0,0.75,37.5
623479194,mukono,25-50%,3.0,3.0,100.0
633859954,mukono,<25%,1.0,0.5,50.0
634322609,mukono,25-50%,1.0,1.0,100.0
634718422,mukono,25-50%,1.5,1.0,66.66666666666666
618738459,mukono,25-50%,4.0,4.0,100.0
552806909,nakaseke,<25%,2.0,0.2,10.0
557694859,nakaseke,<25%,1.0,0.3,30.0
589566059,nakaseke,25-50%,9.0,8.0,88.88888888888889
593200247,nakaseke,>=100%,12.0,6.0,50.0
613820537,nakaseke,25-50%,5.0,4.0,80.0
614808240,mukono,<25%,1.0,0.5,50.0
615773753,mukono,<25%,2.0,1.0,50.0
617460629,mukono,>=100%,1.5,1.0,66.66666666666666
617461111,mukono,25-50%,4.9,1.5,30.61224489795918
617461597,mukono,<25%,1.0,0.5,50.0
618056660,mukono,25-50%,2.0,1.0,50.0
618502638,mukono,>=100%,4.0,2.0,50.0
618738618,mukono,<25%,2.0,2.0,100.0
619308856,mukono,50-100%,7.0,2.5,35.714285714285715
620131758,mukono,25-50%,1.0,0.5,50.0
621077765,mukono,<25%,1.5,1.5,100.0
622950517,mukono,50-100%,10.0,6.0,60.0
623178431,mukono,<25%,1.25,1.0,80.0
623271316,mukono,50-100%,3.0,0.5,16.666666666666664
623272577,mukono,>=100%,5.0,0.5,10.0
624293459,mukono,25-50%,1.0,0.5,50.0
624713073,mukono,50-100%,3.0,1.0,33.33333333333333
624713879,mukono,<25%,5.0,3.0,60.0
625320144,mukono,50-100%,8.0,2.0,25.0
628089142,mukono,>=100%,2.0,1.0,50.0
628089849,mukono,25-50%,2.0,1.0,50.0
628775275,mukono,>=100%,5.0,4.0,80.0
630120893,mukono,25-50%,2.0,1.0,50.0
632524617,mukono,50-100%,1.0,0.5,50.0
633860632,mukono,25-50%,1.5,1.0,66.66666666666666
633861486,mukono,50-100%,3.0,0.5,16.666666666666664
634021883,mukono,25-50%,5.0,2.0,40.0
634952329,mukono,>=100%,12.0,9.0,75.0
635102211,mukono,50-100%,3.0,1.0,33.33333333333333
635102285,mukono,25-50%,2.0,0.25,12.5
623184098,mukono,<25%,3.0,1.0,33.33333333333333
554408234,nakaseke,<25%,2.0,0.9,45.0
556042141,nakaseke,<25%,2.0,0.3,15.0
559614978,nakaseke,<25%,2.0,1.0,50.0
581570782,nakaseke,<25%,2.0,1.0,50.0
559615316,nakaseke,<25%,3.0,1.0,33.33333333333333
630121155,mukono,25-50%,2.0,0.5,25.0
630121646,mukono,25-50%,3.0,1.0,33.33333333333333
560425493,nakaseke,<25%,2.0,1.0,50.0
560424556,nakaseke,<25%,2.0,1.0,50.0
561200542,nakaseke,<25%,3.0,1.0,33.33333333333333
561202398,nakaseke,<25%,2.0,1.0,50.0
560425197,nakaseke,<25%,4.0,1.0,25.0
628088416,mukono,50-100%,1.0,0.4,40.0
628089405,mukono,25-50%,1.5,0.5,33.33333333333333
628774965,mukono,25-50%,2.0,1.0,50.0
632530379,mukono,25-50%,2.0,1.0,50.0
636135085,mukono,50-100%,6.0,3.0,50.0
556039009,nakaseke,<25%,2.0,0.9,45.0
553316712,nakaseke,<25%,1.0,0.1,10.0
621496649,mukono,25-50%,2.0,1.0,50.0
629845932,mukono,>=100%,5.0,3.0,60.0
632528316,mukono,25-50%,3.0,1.0,33.33333333333333
633861263,mukono,50-100%,3.0,1.0,33.33333333333333
635102642,mukono,>=100%,1.5,1.0,66.66666666666666
560423470,nakaseke,<25%,3.0,1.0,33.33333333333333
551439101,nakaseke,<25%,8.0,2.0,25.0
553316111,nakaseke,<25%,1.0,0.2,20.0
554407800,nakaseke,<25%,2.0,0.2,10.0
558374654,nakaseke,<25%,3.0,1.0,33.33333333333333
558375246,nakaseke,<25%,2.0,0.9,45.0
581569323,nakaseke,25-50%,7.0,3.0,42.857142857142854
564861263,nakaseke,<25%,6.0,2.0,33.33333333333333
559615143,nakaseke,<25%,1.0,0.9,90.0
564864365,nakaseke,<25%,2.0,2.0,100.0
556039301,nakaseke,<25%,2.0,1.0,50.0
615757479,mukono,<25%,7.0,5.0,71.42857142857143
615773011,mukono,<25%,4.5,1.5,33.33333333333333
619554974,mukono,<25%,1.0,0.5,50.0
620416772,mukono,25-50%,1.0,0.5,50.0
620419799,mukono,25-50%,5.0,1.0,20.0
621494958,mukono,25-50%,2.0,1.0,50.0
621496210,mukono,25-50%,5.0,2.0,40.0
621639094,mukono,25-50%,3.0,3.0,100.0
623187149,mukono,<25%,5.0,1.0,20.0
623270536,mukono,25-50%,8.0,4.0,50.0
624711692,mukono,<25%,3.0,1.0,33.33333333333333
624712163,mukono,25-50%,5.0,1.0,20.0
625315993,mukono,25-50%,3.0,0.5,16.666666666666664
628080096,mukono,25-50%,4.0,1.0,25.0
628775775,mukono,>=100%,2.0,1.0,50.0
630120684,mukono,25-50%,3.0,1.0,33.33333333333333
632531024,mukono,50-100%,1.0,0.5,50.0
632870785,mukono,25-50%,0.5,0.5,100.0
634322563,mukono,25-50%,2.0,2.0,100.0
634951268,mukono,<25%,11.0,1.0,9.090909090909092
619307991,mukono,>=100%,14.0,8.0,57.14285714285714
634929055,mukono,25-50%,2.5,2.5,100.0
635625431,mukono,<25%,2.0,2.0,100.0
625318562,mukono,25-50%,5.0,1.0,20.0
628776109,mukono,25-50%,2.0,1.0,50.0
633860413,mukono,>=100%,4.0,3.0,75.0
557694292,nakaseke,<25%,3.0,0.9,30.0
582450581,nakaseke,<25%,8.0,1.0,12.5
613185259,nakaseke,<25%,3.0,2.0,66.66666666666666
614810845,mukono,<25%,1.0,0.5,50.0
617648764,mukono,<25%,2.0,2.0,100.0
551438934,nakaseke,<25%,9.0,3.0,33.33333333333333
589548879,nakaseke,<25%,9.0,2.0,22.22222222222222
554402613,nakaseke,<25%,1.0,0.5,50.0
589547568,nakaseke,50-100%,6.0,2.0,33.33333333333333
592180125,nakaseke,<25%,2.0,1.0,50.0
613184766,nakaseke,<25%,2.0,2.0,100.0
613185864,nakaseke,25-50%,2.0,2.0,100.0
593216040,nakaseke,<25%,2.0,1.0,50.0
552806578,nakaseke,<25%,8.0,2.0,25.0
554997531,nakaseke,25-50%,3.0,1.0,33.33333333333333
581568916,nakaseke,<25%,4.0,1.0,25.0
582449149,nakaseke,<25%,8.0,3.0,37.5
583384059,nakaseke,25-50%,9.0,3.0,33.33333333333333
584465855,nakaseke,<25%,6.0,1.0,16.666666666666664
585291611,nakaseke,25-50%,10.0,5.0,50.0
588618114,nakaseke,<25%,8.0,2.0,25.0
589549118,nakaseke,<25%,6.0,2.0,33.33333333333333
592179551,nakaseke,<25%,5.0,2.0,40.0
613185857,nakaseke,<25%,2.0,2.0,100.0
613185868,nakaseke,25-50%,1.0,0.9,90.0
618737230,mukono,<25%,3.5,1.0,28.57142857142857
625321534,mukono,50-100%,8.0,3.0,37.5
613185262,nakaseke,<25%,4.0,2.0,50.0
586823072,nakaseke,<25%,5.0,2.0,40.0
586821078,nakaseke,<25%,7.0,3.0,42.857142857142854
586823179,nakaseke,<25%,6.0,2.0,33.33333333333333
588618032,nakaseke,<25%,5.0,2.0,40.0
592179319,nakaseke,<25%,5.0,3.0,60.0
613185254,nakaseke,25-50%,2.0,0.2,10.0
613184756,nakaseke,<25%,10.0,4.0,40.0
613184762,nakaseke,25-50%,6.0,2.0,33.33333333333333
593216705,nakaseke,<25%,1.0,1.9,190.0
582448458,nakaseke,<25%,8.0,4.0,50.0
583383308,nakaseke,<25%,6.0,4.0,66.66666666666666
584457728,nakaseke,<25%,6.0,1.0,16.666666666666664
584460556,nakaseke,<25%,5.0,1.0,20.0
586822745,nakaseke,<25%,5.0,2.0,40.0
588618956,nakaseke,<25%,3.0,1.0,33.33333333333333
588619984,nakaseke,<25%,3.0,1.0,33.33333333333333
613184214,nakaseke,<25%,9.0,2.0,22.22222222222222
551438775,nakaseke,25-50%,9.0,5.0,55.55555555555556
552805506,nakaseke,50-100%,5.0,2.0,40.0
582449815,nakaseke,<25%,8.0,4.0,50.0
583383783,nakaseke,<25%,6.0,2.0,33.33333333333333
583384470,nakaseke,<25%,6.0,2.0,33.33333333333333
585919910,nakaseke,<25%,12.0,5.0,41.66666666666667
585937638,nakaseke,<25%,9.0,4.0,44.44444444444444
592179023,nakaseke,<25%,10.0,5.0,50.0
551439238,nakaseke,<25%,12.0,6.0,50.0
555070994,nakaseke,<25%,4.0,2.0,50.0
555112218,nakaseke,<25%,4.0,2.0,50.0
555148547,nakaseke,25-50%,1.0,0.2,20.0
584458624,nakaseke,<25%,6.0,3.0,50.0
585290674,nakaseke,<25%,9.0,2.0,22.22222222222222
585290890,nakaseke,<25%,9.0,3.0,33.33333333333333
585309665,nakaseke,<25%,6.0,2.0,33.33333333333333
585924133,nakaseke,<25%,9.0,4.0,44.44444444444444
585929887,nakaseke,<25%,7.0,2.0,28.57142857142857
613834815,nakaseke,50-100%,3.0,2.0,66.66666666666666
613836978,nakaseke,<25%,0.8,0.5,62.5
633860938,mukono,50-100%,4.0,1.0,25.0
