district,Mukono,Nakaseke
n,297,300
mean_Coffee,2837787.878787879,2950638.0166666666
mean_Other crop sales,759123.8383838384,248604.7
"mean_Other cash (livestock, non-farm, transfers)",1585252.5252525252,391746.42833333334
mean_Home-grown food (in-kind),2714295.8669828004,1935247.6018819578
mean_Tree products used at home (in-kind),23114.478114478115,61051.66666666664
mean_cash,5182164.242424242,3590989.145
mean_gross,7919574.587521521,5587288.413548624
median_cash,2400000.0,1449600.0
median_gross,5535254.751207414,3901610.231075734
benchmark_ref_v0.02,20166768.67704479,19779321.73522621
median_benchmark_hh_size,21286812.82228709,19022557.87071824
mean_gross_%_of_ref,39.270419145215506,28.248129477553714
median_gross_%_of_ref,27.447405381844952,19.72570284918879
pct_hh_at_or_above_hh_benchmark,6.397306397306397,4.333333333333334
mann_whitney_p_cash,0.00031794397212063746,0.00031794397212063746
mann_whitney_p_gross,5.408204962126747e-07,5.408204962126747e-07
