,M1 gross,M2 + yield/price,M3 + trees,M4 net,M5 logit reach 50%,M6 + enumerator FE
const,-0.876*** (0.123),-3.538*** (0.571),-1.054*** (0.158),-1.729*** (0.165),-1.333* (0.649),-1.043*** (0.112)
Nakaseke (vs Mukono),-0.388*** (0.050),-0.154** (0.051),0.209 (0.197),-0.370*** (0.068),-0.957** (0.304),
log coffee area (acres),0.210*** (0.060),0.318*** (0.063),0.157* (0.071),-0.307*** (0.074),0.413 (0.279),0.181** (0.059)
log land owned (acres),0.154** (0.057),0.191** (0.061),0.276*** (0.073),0.333*** (0.069),0.746* (0.297),0.193*** (0.058)
Household size,-0.087*** (0.011),-0.088*** (0.010),-0.082*** (0.011),-0.025* (0.012),-0.273*** (0.072),-0.092*** (0.010)
Female household head,-0.054 (0.046),-0.110** (0.039),-0.172*** (0.046),-0.135* (0.061),-0.523+ (0.273),-0.086* (0.041)
Respondent secondary education+,0.306*** (0.053),0.171*** (0.049),0.197*** (0.056),0.215** (0.070),1.372*** (0.286),0.109* (0.046)
Respondent age (10 years),-0.015 (0.016),-0.012 (0.013),-0.006 (0.016),-0.018 (0.021),-0.062 (0.085),-0.014 (0.014)
Number of cash income sources,0.040+ (0.022),0.079*** (0.023),0.113*** (0.027),0.072* (0.028),0.198 (0.124),0.077*** (0.023)
Farmer group / project member,0.212** (0.065),-0.015 (0.060),0.067 (0.069),0.280*** (0.085),0.680* (0.322),0.061 (0.062)
Extension contact,-0.098 (0.070),0.019 (0.065),-0.068 (0.078),-0.201* (0.089),-0.407 (0.406),-0.001 (0.060)
Credit access,-0.175* (0.068),-0.214** (0.074),-0.235*** (0.069),-0.352*** (0.093),-1.078+ (0.567),-0.076 (0.064)
log coffee yield (kg FAQ/acre),,0.322*** (0.024),,,,
log Kiboko price (UGX/kg),,0.124* (0.059),,,,
"Trees on farm (log, +1) x Mukono",,,-0.005 (0.044),,,
"Trees on farm (log, +1) x Nakaseke",,,-0.176** (0.062),,,
Enumerator: Kawalya_Dan,,,,,,0.191** (0.074)
Enumerator: Najjuma_Olivia,,,,,,-0.199** (0.068)
Enumerator: Namazzi_Patience,,,,,,0.460*** (0.088)
Enumerator: Namyenya_Lillian,,,,,,-0.688*** (0.084)
Enumerator: Sserugo_William,,,,,,0.002 (0.071)
n households,581,511,489,581,581,581
mean (pseudo) R2 across imputations,0.353,0.585,0.439,0.190,0.214,0.518
