district,variable,income,n,spearman_rho,p
Mukono,Household size,gross,297,-0.2486,0.0
Mukono,Household size,net,297,0.0167,0.7741
Mukono,Land owned (acres),gross,296,0.5077,0.0
Mukono,Land owned (acres),net,296,0.3183,0.0
Mukono,Coffee area (acres),gross,295,0.3503,0.0
Mukono,Coffee area (acres),net,295,0.0008,0.9887
Mukono,Coffee yield (kg FAQ/acre),gross,295,0.3275,0.0
Mukono,Coffee yield (kg FAQ/acre),net,295,0.4875,0.0
Mukono,Kiboko price (UGX/kg),gross,278,-0.2116,0.0004
Mukono,Kiboko price (UGX/kg),net,278,-0.4231,0.0
Mukono,Trees on farm (count),gross,295,0.2902,0.0
Mukono,Trees on farm (count),net,295,0.2702,0.0
Mukono,Number of cash income sources,gross,297,0.3059,0.0
Mukono,Number of cash income sources,net,297,0.3973,0.0
Mukono,Respondent age (years),gross,295,0.0461,0.4298
Mukono,Respondent age (years),net,295,-0.0491,0.4011
Mukono,Respondent secondary education+ (%),gross,296,0.2179,0.0002
Mukono,Respondent secondary education+ (%),net,296,0.1844,0.0014
Mukono,Female household head (%),gross,296,-0.2634,0.0
Mukono,Female household head (%),net,296,-0.2831,0.0
Mukono,Farmer group member (%),gross,296,0.1987,0.0006
Mukono,Farmer group member (%),net,296,0.2137,0.0002
Mukono,Extension contact (%),gross,296,0.0176,0.7625
Mukono,Extension contact (%),net,296,-0.0413,0.479
Mukono,Credit access (%),gross,296,-0.0261,0.6549
Mukono,Credit access (%),net,296,-0.0622,0.2864
Nakaseke,Household size,gross,300,-0.3023,0.0
Nakaseke,Household size,net,300,-0.132,0.0222
Nakaseke,Land owned (acres),gross,296,0.2296,0.0001
Nakaseke,Land owned (acres),net,296,-0.0547,0.348
Nakaseke,Coffee area (acres),gross,298,0.3554,0.0
Nakaseke,Coffee area (acres),net,298,-0.0442,0.447
Nakaseke,Coffee yield (kg FAQ/acre),gross,281,0.5248,0.0
Nakaseke,Coffee yield (kg FAQ/acre),net,281,0.3497,0.0
Nakaseke,Kiboko price (UGX/kg),gross,246,0.0793,0.2153
Nakaseke,Kiboko price (UGX/kg),net,246,0.1877,0.0031
Nakaseke,Trees on farm (count),gross,198,-0.1523,0.0322
Nakaseke,Trees on farm (count),net,198,0.0425,0.552
Nakaseke,Number of cash income sources,gross,300,-0.0149,0.7975
Nakaseke,Number of cash income sources,net,300,-0.0406,0.484
Nakaseke,Respondent age (years),gross,299,-0.057,0.3261
Nakaseke,Respondent age (years),net,299,-0.0283,0.6257
Nakaseke,Respondent secondary education+ (%),gross,300,0.3126,0.0
Nakaseke,Respondent secondary education+ (%),net,300,0.1251,0.0304
Nakaseke,Female household head (%),gross,300,0.0012,0.983
Nakaseke,Female household head (%),net,300,0.0456,0.4316
Nakaseke,Farmer group member (%),gross,296,0.1881,0.0011
Nakaseke,Farmer group member (%),net,296,0.0787,0.1767
Nakaseke,Extension contact (%),gross,295,0.0346,0.5533
Nakaseke,Extension contact (%),net,295,-0.0511,0.3818
Nakaseke,Credit access (%),gross,295,-0.0089,0.8793
Nakaseke,Credit access (%),net,295,-0.0909,0.1194
All,Household size,gross,597,-0.2401,0.0
All,Household size,net,597,-0.0279,0.4958
All,Land owned (acres),gross,592,0.3092,0.0
All,Land owned (acres),net,592,0.0813,0.0481
All,Coffee area (acres),gross,593,0.3054,0.0
All,Coffee area (acres),net,593,-0.0689,0.0938
All,Coffee yield (kg FAQ/acre),gross,576,0.4631,0.0
All,Coffee yield (kg FAQ/acre),net,576,0.4649,0.0
All,Kiboko price (UGX/kg),gross,524,-0.1339,0.0021
All,Kiboko price (UGX/kg),net,524,-0.2458,0.0
All,Trees on farm (count),gross,493,0.0852,0.0588
All,Trees on farm (count),net,493,0.2047,0.0
All,Number of cash income sources,gross,597,0.1464,0.0003
All,Number of cash income sources,net,597,0.1955,0.0
All,Respondent age (years),gross,594,0.0135,0.743
All,Respondent age (years),net,594,-0.015,0.7158
All,Respondent secondary education+ (%),gross,596,0.2255,0.0
All,Respondent secondary education+ (%),net,596,0.1038,0.0112
All,Female household head (%),gross,596,-0.1082,0.0082
All,Female household head (%),net,596,-0.1026,0.0122
All,Farmer group member (%),gross,592,0.2275,0.0
All,Farmer group member (%),net,592,0.1958,0.0
All,Extension contact (%),gross,591,0.0029,0.9447
All,Extension contact (%),net,591,-0.0776,0.0595
All,Credit access (%),gross,591,0.0019,0.9624
All,Credit access (%),net,591,-0.0462,0.2619
