district,variable,<25% (n),<25%,25-50% (n),25-50%,>=50% (n),>=50%,test,p
Mukono,Household size,129,7.0,120,4.0,48,5.0,Kruskal-Wallis,0.0
Mukono,Land owned (acres),128,1.0,120,2.0,48,3.0,Kruskal-Wallis,0.0
Mukono,Coffee area (acres),128,0.5,119,1.0,48,1.0,Kruskal-Wallis,0.0
Mukono,Coffee yield (kg FAQ/acre),128,150.0,119,200.0,48,283.3333,Kruskal-Wallis,0.0003
Mukono,Kiboko price (UGX/kg),121,6000.0,114,5000.0,43,5000.0,Kruskal-Wallis,0.1182
Mukono,Trees on farm (count),128,20.0,120,20.0,47,50.0,Kruskal-Wallis,0.0013
Mukono,Number of cash income sources,129,2.0,120,2.0,48,3.0,Kruskal-Wallis,0.0007
Mukono,Respondent age (years),128,55.0,120,55.0,47,55.0,Kruskal-Wallis,0.8084
Mukono,Respondent secondary education+ (%),128,19.5312,120,20.0,48,56.25,chi-square,0.0
Mukono,Female household head (%),128,63.2812,120,58.3333,48,22.9167,chi-square,0.0
Mukono,Farmer group member (%),128,25.0,120,28.3333,48,43.75,chi-square,0.0492
Mukono,Extension contact (%),128,7.0312,120,7.5,48,8.3333,chi-square,0.9573
Mukono,Credit access (%),128,13.2812,120,10.0,48,4.1667,chi-square,0.2079
Nakaseke,Household size,184,5.0,74,5.0,42,3.5,Kruskal-Wallis,0.0
Nakaseke,Land owned (acres),181,2.0,73,3.0,42,3.75,Kruskal-Wallis,0.0007
Nakaseke,Coffee area (acres),182,1.0,74,1.4,42,2.0,Kruskal-Wallis,0.0
Nakaseke,Coffee yield (kg FAQ/acre),166,41.3333,74,107.0833,41,150.0,Kruskal-Wallis,0.0
Nakaseke,Kiboko price (UGX/kg),142,6000.0,67,6000.0,37,6000.0,Kruskal-Wallis,0.5712
Nakaseke,Trees on farm (count),96,11.0,63,6.0,39,5.0,Kruskal-Wallis,0.0611
Nakaseke,Number of cash income sources,184,2.0,74,2.0,42,2.0,Kruskal-Wallis,0.2101
Nakaseke,Respondent age (years),183,55.0,74,55.0,42,50.0,Kruskal-Wallis,0.2885
Nakaseke,Respondent secondary education+ (%),184,32.0652,74,56.7568,42,69.0476,chi-square,0.0
Nakaseke,Female household head (%),184,50.5435,74,50.0,42,52.381,chi-square,0.9687
Nakaseke,Farmer group member (%),181,7.7348,74,21.6216,41,21.9512,chi-square,0.0024
Nakaseke,Extension contact (%),180,17.2222,73,20.5479,42,21.4286,chi-square,0.7301
Nakaseke,Credit access (%),181,6.6298,73,2.7397,41,7.3171,chi-square,0.4357
All,Household size,313,6.0,194,4.0,90,4.0,Kruskal-Wallis,0.0
All,Land owned (acres),309,2.0,193,2.0,90,3.25,Kruskal-Wallis,0.0
All,Coffee area (acres),310,1.0,193,1.0,90,2.0,Kruskal-Wallis,0.0
All,Coffee yield (kg FAQ/acre),294,64.5,193,151.6667,89,200.0,Kruskal-Wallis,0.0
All,Kiboko price (UGX/kg),263,6000.0,181,6000.0,80,6000.0,Kruskal-Wallis,0.1908
All,Trees on farm (count),224,15.0,183,16.0,86,11.0,Kruskal-Wallis,0.2583
All,Number of cash income sources,313,2.0,194,2.0,90,2.0,Kruskal-Wallis,0.1044
All,Respondent age (years),311,55.0,194,55.0,89,55.0,Kruskal-Wallis,0.7267
All,Respondent secondary education+ (%),312,26.9231,194,34.0206,90,62.2222,chi-square,0.0
All,Female household head (%),312,55.7692,194,55.1546,90,36.6667,chi-square,0.0042
All,Farmer group member (%),309,14.8867,194,25.7732,89,33.7079,chi-square,0.0001
All,Extension contact (%),308,12.987,193,12.4352,90,14.4444,chi-square,0.896
All,Credit access (%),309,9.3851,193,7.2539,89,5.618,chi-square,0.4486
