,Coffee,Livestock,Off-farm work,Remittances,Other crop sales,Trade,Professional job,Other sources,Total cash income,Income incl. in-kind,No. cash sources,Land owned (ac),Coffee area (ac),Other crops area (ac),Tree plantation (ac),Trees on farm,Coffee yield (kg FAQ/ac),Kiboko price,Household size,Farming years
Coffee,1.0,0.256,-0.181,0.103,0.346,0.031,0.053,-0.006,0.729,0.64,0.222,0.561,0.605,0.291,0.149,0.392,0.393,0.034,0.192,0.043
Livestock,0.256,1.0,0.048,0.086,0.326,0.061,-0.02,-0.008,0.257,0.258,0.614,0.209,0.1,0.345,0.097,0.163,0.271,-0.247,0.223,-0.084
Off-farm work,-0.181,0.048,1.0,0.038,-0.004,-0.032,-0.077,-0.076,-0.023,-0.031,0.29,-0.124,-0.246,0.0,-0.048,-0.092,0.141,-0.306,0.056,-0.172
Remittances,0.103,0.086,0.038,1.0,-0.002,-0.025,-0.081,-0.086,0.152,0.099,0.451,0.138,0.056,0.262,-0.096,0.069,0.213,-0.433,0.009,0.243
Other crop sales,0.346,0.326,-0.004,-0.002,1.0,-0.049,0.025,-0.061,0.444,0.41,0.528,0.383,0.226,0.351,0.083,0.186,0.209,-0.118,0.106,-0.138
Trade,0.031,0.061,-0.032,-0.025,-0.049,1.0,0.031,-0.046,0.321,0.322,0.303,0.126,-0.015,0.137,-0.062,0.093,0.069,-0.179,0.209,-0.179
Professional job,0.053,-0.02,-0.077,-0.081,0.025,0.031,1.0,-0.024,0.222,0.23,0.121,0.152,0.074,0.053,0.075,0.165,0.037,-0.049,0.104,-0.118
Other sources,-0.006,-0.008,-0.076,-0.086,-0.061,-0.046,-0.024,1.0,0.056,0.018,0.155,0.067,0.012,0.132,0.116,0.014,0.113,-0.205,-0.057,-0.085
Total cash income,0.729,0.257,-0.023,0.152,0.444,0.321,0.222,0.056,1.0,0.899,0.432,0.622,0.44,0.416,0.101,0.381,0.363,-0.234,0.25,-0.084
Income incl. in-kind,0.64,0.258,-0.031,0.099,0.41,0.322,0.23,0.018,0.899,1.0,0.386,0.571,0.417,0.35,0.116,0.363,0.29,-0.179,0.594,-0.117
No. cash sources,0.222,0.614,0.29,0.451,0.528,0.303,0.121,0.155,0.432,0.386,1.0,0.33,0.072,0.5,0.027,0.207,0.398,-0.588,0.207,-0.146
Land owned (ac),0.561,0.209,-0.124,0.138,0.383,0.126,0.152,0.067,0.622,0.571,0.33,1.0,0.742,0.681,0.22,0.45,0.02,-0.218,0.192,0.005
Coffee area (ac),0.605,0.1,-0.246,0.056,0.226,-0.015,0.074,0.012,0.44,0.417,0.072,0.742,1.0,0.234,0.17,0.376,-0.233,0.089,0.171,0.098
Other crops area (ac),0.291,0.345,0.0,0.262,0.351,0.137,0.053,0.132,0.416,0.35,0.5,0.681,0.234,1.0,0.185,0.275,0.282,-0.419,0.094,-0.032
Tree plantation (ac),0.149,0.097,-0.048,-0.096,0.083,-0.062,0.075,0.116,0.101,0.116,0.027,0.22,0.17,0.185,1.0,0.118,-0.007,-0.007,0.071,-0.106
Trees on farm,0.392,0.163,-0.092,0.069,0.186,0.093,0.165,0.014,0.381,0.363,0.207,0.45,0.376,0.275,0.118,1.0,0.149,-0.148,0.16,-0.036
Coffee yield (kg FAQ/ac),0.393,0.271,0.141,0.213,0.209,0.069,0.037,0.113,0.363,0.29,0.398,0.02,-0.233,0.282,-0.007,0.149,1.0,-0.455,0.075,-0.03
Kiboko price,0.034,-0.247,-0.306,-0.433,-0.118,-0.179,-0.049,-0.205,-0.234,-0.179,-0.588,-0.218,0.089,-0.419,-0.007,-0.148,-0.455,1.0,-0.051,0.112
Household size,0.192,0.223,0.056,0.009,0.106,0.209,0.104,-0.057,0.25,0.594,0.207,0.192,0.171,0.094,0.071,0.16,0.075,-0.051,1.0,-0.117
Farming years,0.043,-0.084,-0.172,0.243,-0.138,-0.179,-0.118,-0.085,-0.084,-0.117,-0.146,0.005,0.098,-0.032,-0.106,-0.036,-0.03,0.112,-0.117,1.0
