district,land_owned_ac,trees_on_farm
mukono,0.5,0.0
nakaseke,1.0,1.0
nakaseke,2.0,1.0
nakaseke,0.9,2.0
nakaseke,10.0,2.0
nakaseke,1.0,2.0
mukono,0.25,2.0
nakaseke,1.0,3.0
nakaseke,2.0,3.0
nakaseke,3.0,3.0
nakaseke,2.0,3.0
nakaseke,1.5,3.0
nakaseke,3.0,3.0
nakaseke,0.8,3.0
nakaseke,1.5,3.0
mukono,0.75,3.0
mukono,1.0,3.0
nakaseke,2.0,4.0
nakaseke,2.0,4.0
nakaseke,1.0,4.0
nakaseke,1.0,4.0
nakaseke,4.0,4.0
nakaseke,4.0,4.0
nakaseke,0.7,4.0
nakaseke,1.5,4.0
nakaseke,3.0,4.0
nakaseke,1.0,4.0
nakaseke,15.0,4.0
nakaseke,4.0,4.0
nakaseke,1.5,4.0
nakaseke,3.0,4.0
nakaseke,2.0,4.0
nakaseke,0.8,4.0
nakaseke,5.0,4.0
nakaseke,3.0,4.0
nakaseke,0.9,4.0
nakaseke,2.0,4.0
nakaseke,1.0,4.0
mukono,0.5,4.0
mukono,1.0,4.0
mukono,0.5,4.0
mukono,2.0,4.0
nakaseke,0.5,5.0
nakaseke,1.0,5.0
nakaseke,4.0,5.0
nakaseke,1.0,5.0
nakaseke,1.0,5.0
nakaseke,1.0,5.0
nakaseke,1.0,5.0
nakaseke,4.0,5.0
nakaseke,2.0,5.0
nakaseke,2.0,5.0
nakaseke,3.0,5.0
nakaseke,10.0,5.0
nakaseke,10.0,5.0
nakaseke,1.0,5.0
nakaseke,3.0,5.0
nakaseke,1.0,5.0
nakaseke,4.0,5.0
nakaseke,1.5,5.0
nakaseke,2.5,5.0
nakaseke,2.0,5.0
nakaseke,3.0,5.0
nakaseke,3.0,5.0
nakaseke,3.0,5.0
nakaseke,5.0,5.0
nakaseke,2.0,5.0
nakaseke,2.0,5.0
nakaseke,1.0,5.0
nakaseke,2.0,5.0
nakaseke,6.0,5.0
nakaseke,5.0,5.0
nakaseke,6.0,5.0
nakaseke,2.0,5.0
nakaseke,4.0,5.0
nakaseke,3.0,5.0
nakaseke,6.0,5.0
nakaseke,3.0,5.0
nakaseke,2.0,5.0
nakaseke,4.0,5.0
nakaseke,8.6,5.0
nakaseke,1.5,5.0
nakaseke,0.8,5.0
nakaseke,2.0,5.0
nakaseke,1.0,5.0
nakaseke,1.5,5.0
nakaseke,3.0,5.0
nakaseke,0.8,5.0
nakaseke,0.8,5.0
nakaseke,0.8,5.0
nakaseke,1.5,5.0
mukono,1.0,5.0
mukono,0.5,5.0
mukono,1.0,5.0
mukono,1.0,5.0
mukono,3.0,5.0
mukono,3.0,5.0
mukono,6.5,5.0
mukono,0.5,5.0
mukono,0.5,5.0
mukono,0.5,5.0
mukono,0.5,5.0
mukono,3.0,5.0
mukono,1.0,5.0
mukono,1.5,5.0
mukono,1.0,5.0
mukono,7.0,5.0
mukono,1.0,5.0
nakaseke,10.0,6.0
nakaseke,5.0,6.0
nakaseke,1.0,6.0
nakaseke,1.5,6.0
nakaseke,2.0,6.0
nakaseke,2.0,6.0
nakaseke,8.0,6.0
nakaseke,2.0,6.0
nakaseke,3.0,6.0
nakaseke,2.0,6.0
nakaseke,7.0,6.0
nakaseke,2.0,6.0
nakaseke,4.0,6.0
nakaseke,2.0,6.0
nakaseke,5.0,6.0
nakaseke,3.0,6.0
nakaseke,13.0,6.0
nakaseke,2.0,6.0
nakaseke,1.0,6.0
mukono,0.25,6.0
mukono,1.5,6.0
mukono,0.5,6.0
mukono,0.25,6.0
mukono,1.0,6.0
nakaseke,3.0,7.0
nakaseke,1.5,7.0
nakaseke,5.0,7.0
nakaseke,3.0,7.0
nakaseke,3.0,7.0
nakaseke,3.0,7.0
nakaseke,1.5,7.0
nakaseke,2.0,7.0
nakaseke,3.0,7.0
nakaseke,3.5,7.0
nakaseke,1.0,7.0
nakaseke,2.0,7.0
mukono,4.0,7.0
mukono,0.5,7.0
mukono,2.0,7.0
mukono,0.5,7.0
mukono,0.5,7.0
mukono,0.25,7.0
mukono,3.0,7.0
nakaseke,3.0,8.0
nakaseke,2.0,8.0
mukono,0.5,8.0
mukono,5.0,8.0
mukono,3.0,8.0
mukono,0.5,8.0
mukono,0.25,8.0
mukono,0.5,8.0
mukono,0.5,8.0
mukono,0.5,8.0
mukono,0.25,8.0
nakaseke,0.8,9.0
nakaseke,2.0,9.0
nakaseke,4.0,9.0
nakaseke,1.0,9.0
mukono,0.7,9.0
mukono,0.5,9.0
mukono,0.5,9.0
mukono,0.5,9.0
nakaseke,0.8,10.0
nakaseke,1.0,10.0
nakaseke,0.8,10.0
mukono,1.0,10.0
mukono,1.0,10.0
mukono,3.0,10.0
mukono,1.0,10.0
mukono,2.0,10.0
mukono,1.5,10.0
mukono,2.0,10.0
mukono,1.0,10.0
mukono,0.5,10.0
mukono,1.0,10.0
mukono,2.0,10.0
mukono,0.75,10.0
mukono,1.0,10.0
mukono,3.5,10.0
mukono,2.0,10.0
mukono,1.5,10.0
mukono,1.5,10.0
mukono,1.0,10.0
mukono,3.0,10.0
mukono,5.0,10.0
mukono,1.0,10.0
mukono,0.8,10.0
mukono,1.0,10.0
mukono,1.0,10.0
mukono,4.0,10.0
mukono,0.25,10.0
mukono,2.0,10.0
mukono,1.0,10.0
mukono,0.5,10.0
mukono,1.0,10.0
mukono,1.0,10.0
mukono,1.0,10.0
mukono,2.0,10.0
nakaseke,2.0,11.0
nakaseke,0.8,11.0
nakaseke,1.8,11.0
nakaseke,1.0,11.0
nakaseke,1.5,11.0
nakaseke,1.0,11.0
mukono,1.0,11.0
mukono,0.5,11.0
mukono,0.5,11.0
nakaseke,0.8,12.0
nakaseke,0.8,12.0
nakaseke,1.0,12.0
mukono,1.5,12.0
mukono,2.0,12.0
mukono,3.0,12.0
mukono,1.0,12.0
mukono,1.0,12.0
mukono,0.5,12.0
mukono,1.0,12.0
mukono,4.0,12.0
nakaseke,1.0,13.0
mukono,10.0,13.0
nakaseke,0.9,14.0
nakaseke,2.0,14.0
nakaseke,7.0,15.0
nakaseke,3.0,15.0
nakaseke,2.0,15.0
nakaseke,1.5,15.0
nakaseke,2.5,15.0
nakaseke,1.5,15.0
nakaseke,4.6,15.0
mukono,0.5,15.0
mukono,1.0,15.0
mukono,1.3,15.0
mukono,3.0,15.0
mukono,1.0,15.0
mukono,1.0,15.0
mukono,0.5,15.0
mukono,1.5,15.0
mukono,1.0,15.0
mukono,1.5,15.0
mukono,1.0,15.0
mukono,4.0,15.0
mukono,1.0,15.0
mukono,6.0,15.0
mukono,0.9,15.0
mukono,3.0,15.0
mukono,1.0,15.0
mukono,1.0,15.0
mukono,2.0,15.0
mukono,3.0,15.0
mukono,1.0,15.0
mukono,1.0,15.0
mukono,2.0,15.0
mukono,5.0,15.0
nakaseke,2.0,16.0
nakaseke,1.0,16.0
nakaseke,3.0,16.0
nakaseke,2.0,16.0
nakaseke,1.8,16.0
mukono,7.0,16.0
nakaseke,1.0,17.0
nakaseke,1.0,17.0
nakaseke,2.0,17.0
nakaseke,2.0,17.0
nakaseke,0.9,17.0
mukono,1.0,17.0
nakaseke,6.0,18.0
nakaseke,0.7,18.0
nakaseke,3.0,18.0
nakaseke,2.5,18.0
nakaseke,6.0,18.0
nakaseke,1.0,19.0
nakaseke,3.0,19.0
mukono,1.0,19.0
nakaseke,0.5,20.0
nakaseke,0.7,20.0
nakaseke,2.0,20.0
nakaseke,0.9,20.0
nakaseke,2.0,20.0
nakaseke,5.0,20.0
nakaseke,3.0,20.0
nakaseke,2.5,20.0
nakaseke,3.0,20.0
mukono,1.0,20.0
mukono,1.5,20.0
mukono,3.0,20.0
mukono,1.0,20.0
mukono,1.0,20.0
mukono,2.0,20.0
mukono,3.0,20.0
mukono,0.75,20.0
mukono,7.0,20.0
mukono,3.0,20.0
mukono,3.0,20.0
mukono,2.0,20.0
mukono,2.0,20.0
mukono,2.0,20.0
mukono,1.0,20.0
mukono,1.0,20.0
mukono,2.0,20.0
mukono,2.0,20.0
mukono,3.5,20.0
mukono,4.0,20.0
mukono,4.0,20.0
mukono,1.0,20.0
mukono,5.0,20.0
mukono,0.5,20.0
mukono,2.0,20.0
mukono,1.0,20.0
mukono,1.0,20.0
mukono,5.0,20.0
mukono,3.0,20.0
mukono,3.0,20.0
mukono,3.0,20.0
mukono,1.0,20.0
mukono,3.0,20.0
mukono,0.5,20.0
mukono,0.5,20.0
mukono,1.5,20.0
mukono,2.0,20.0
mukono,3.0,20.0
mukono,1.0,20.0
mukono,0.5,20.0
mukono,2.0,20.0
mukono,3.0,20.0
mukono,2.0,20.0
mukono,8.0,20.0
mukono,2.0,20.0
mukono,1.0,20.0
mukono,1.0,20.0
mukono,2.0,20.0
mukono,2.0,20.0
mukono,0.75,20.0
nakaseke,4.0,22.0
nakaseke,3.0,22.0
mukono,2.0,22.0
mukono,0.5,22.0
mukono,0.25,22.0
nakaseke,1.0,23.0
nakaseke,1.0,23.0
mukono,1.0,23.0
nakaseke,2.0,24.0
nakaseke,3.5,24.0
mukono,3.0,24.0
nakaseke,5.0,25.0
nakaseke,3.0,25.0
nakaseke,1.0,25.0
mukono,5.0,25.0
mukono,2.5,25.0
mukono,2.0,25.0
mukono,3.0,25.0
nakaseke,2.0,26.0
nakaseke,4.0,26.0
mukono,0.25,26.0
nakaseke,3.0,28.0
nakaseke,3.0,29.0
nakaseke,2.0,30.0
nakaseke,1.0,30.0
nakaseke,3.5,30.0
nakaseke,15.0,30.0
nakaseke,3.0,30.0
nakaseke,1.0,30.0
nakaseke,3.0,30.0
nakaseke,4.0,30.0
nakaseke,2.0,30.0
mukono,1.0,30.0
mukono,2.0,30.0
mukono,10.0,30.0
mukono,1.5,30.0
mukono,5.0,30.0
mukono,3.0,30.0
mukono,1.5,30.0
mukono,1.0,30.0
mukono,1.5,30.0
mukono,1.0,30.0
mukono,8.0,30.0
mukono,5.0,30.0
mukono,8.0,30.0
mukono,2.0,30.0
mukono,2.0,30.0
mukono,0.5,30.0
mukono,0.5,30.0
mukono,1.0,30.0
mukono,7.0,30.0
mukono,2.0,30.0
mukono,2.0,30.0
mukono,3.0,30.0
mukono,1.5,30.0
mukono,1.0,30.0
mukono,2.0,30.0
mukono,5.0,30.0
mukono,1.5,30.0
mukono,5.0,30.0
mukono,1.0,30.0
mukono,1.0,30.0
mukono,1.0,30.0
mukono,2.5,31.0
nakaseke,0.8,32.0
nakaseke,4.0,32.0
nakaseke,6.0,32.0
mukono,2.0,32.0
nakaseke,1.5,34.0
nakaseke,4.0,35.0
mukono,2.0,40.0
mukono,3.0,40.0
mukono,1.0,40.0
mukono,1.0,40.0
mukono,1.5,40.0
mukono,4.0,42.0
nakaseke,9.0,50.0
nakaseke,12.0,50.0
nakaseke,5.0,50.0
mukono,1.0,50.0
mukono,2.0,50.0
mukono,1.5,50.0
mukono,4.9,50.0
mukono,1.0,50.0
mukono,2.0,50.0
mukono,4.0,50.0
mukono,2.0,50.0
mukono,7.0,50.0
mukono,1.0,50.0
mukono,1.5,50.0
mukono,10.0,50.0
mukono,1.25,50.0
mukono,3.0,50.0
mukono,5.0,50.0
mukono,1.0,50.0
mukono,3.0,50.0
mukono,5.0,50.0
mukono,8.0,50.0
mukono,2.0,50.0
mukono,2.0,50.0
mukono,5.0,50.0
mukono,2.0,50.0
mukono,1.0,50.0
mukono,1.5,50.0
mukono,3.0,50.0
mukono,5.0,50.0
mukono,12.0,50.0
mukono,3.0,50.0
mukono,2.0,50.0
mukono,3.0,55.0
mukono,2.0,60.0
mukono,3.0,60.0
mukono,1.0,70.0
mukono,1.5,70.0
mukono,2.0,70.0
mukono,2.0,70.0
mukono,6.0,70.0
mukono,2.0,80.0
mukono,5.0,80.0
mukono,3.0,80.0
mukono,3.0,80.0
mukono,1.5,80.0
mukono,7.0,100.0
mukono,4.5,100.0
mukono,1.0,100.0
mukono,1.0,100.0
mukono,5.0,100.0
mukono,2.0,100.0
mukono,5.0,100.0
mukono,5.0,100.0
mukono,3.0,100.0
mukono,5.0,100.0
mukono,8.0,100.0
mukono,3.0,100.0
mukono,5.0,100.0
mukono,3.0,100.0
mukono,4.0,100.0
mukono,2.0,100.0
mukono,3.0,100.0
mukono,1.0,100.0
mukono,0.5,100.0
mukono,2.0,100.0
mukono,11.0,100.0
mukono,14.0,120.0
mukono,2.5,120.0
mukono,2.0,120.0
mukono,5.0,150.0
mukono,2.0,150.0
mukono,4.0,150.0
mukono,1.0,200.0
mukono,2.0,200.0
mukono,3.5,300.0
mukono,8.0,300.0
